thread_id,topic,subtopic
t3_64kkxe,Economics,Flight overbooking
t3_4ph4lk,Economics,Labor
t3_701fav,Energy,Nature preservation
t3_4g3nbn,Entertainment,Film/movies
t3_6vhdnm,Health,Mental Disorders
t3_6ihcuk,Human Life,Abortion
t3_4clvbk,Human Life,Childrens obesity is child abuse
t3_6h7a4i,Human Life,"Dating, dating preferences"
t3_4xsg8k,Human Life,Education
t3_61gkuk,Human Life,Euthanasia
t3_58t7i3,Human Life,Having children
t3_4mj8v7,Human Life,Quality of life
t3_72cx8c,Human Life,Suicide
t3_4x7vi8,Philosophy,Determinism/Free will
t3_57ahdb,Philosophy,Human extinction and suffering
t3_6rwcio,Philosophy,Morality
t3_5j6wiw,Philosophy,Opinions on scientifically proven topics
t3_55vimx,Philosophy,Selfishness/Selflessness
t3_4q9qng,Philosophy,Utopian scocieties
t3_44w1wn,Politics,Bernie Sanders
t3_57tl4k,Politics,Developing opinions on governmental policies
t3_4tlihj,Politics,Donald Trump
t3_6tsx1p,Politics,Freedom of speech
t3_5ep0mh,Politics,Government oversight
t3_6694ui,Politics,Gun Control
t3_42efvs,Politics,Immigration
t3_62igvv,Politics,Income dependent votes
t3_4plwqq,Politics,Money/Taxation
t3_6leh4s,Politics,Social conservatives
t3_5jfqhp,Politics,Soldiers
t3_551cb5,Religion,Against Religion
t3_6qb8s8,Religion,Christianities power to impose
t3_4dvspm,Religion,General
t3_5w9qrn,Social Justice,Bi-gender issues
t3_4sntrj,Social Justice,Copyright duration
t3_6ithkj,Social Justice,Free Speech
t3_5y8e43,Social Justice,Gender Identity
t3_60u6bk,Social Justice,"Gender, trans* issues"
t3_5o7nm3,Social Justice,Homosexuality
t3_6r0yd5,Social Justice,Nationality
t3_6y8fi0,Social Justice,Polygamy justification
t3_61zvnh,Social Justice,Race
t3_4xcsiu,Social Justice,"Sexual Abuse, Consent"
t3_4otmqi,Social Justice,Vegetarianism and Chinese dog festival
t3_4tf91m,Social Justice,White privilege
t3_4c4ypf,Subcultures and Beliefs,The Red Pill
t3_71l9yj,Technology,brand deceptiveness
t3_4dat5a,Technology,Innovation of technology and human knowledge
t3_70h6gb,Technology,Math
t3_4pbwvb,Terrorism,Defining a terrorist
